"relationship_id","case_id","subject","object","products","connection","transaction_stage","technical_stage","event_date","date_basis","effective_start","effective_end","currentness","amount_cny","claims","sources","limitation"
"R-DEEP-EGP","deep","DEEP Robotics","Eastern Green Power","X30 quadruped | SPock inspection solution","Civilian application","Supplier reports pilot delivery","One-tunnel pilot","","Reported 17 Dec 2024; delivery date unknown","","","Dated observation","","C-DEEP-CHAIN","https://deeprobotics.cn/robot/wap/article/id/266.html","Supplier attribution; independent contract confirmation absent."
"R-DEEP-SP","deep","DEEP Robotics","SP Group","SPock inspection solution","Civilian application","Supplier reports delivery","Pilot","","By supplier report of 17 Dec 2024","","","Dated observation","","C-DEEP-CHAIN","https://deeprobotics.cn/robot/wap/article/id/266.html","Exact legal buyer, quantities and formal acceptance unknown."
"R-SP-USE","deep","SP Group","Unknown / unspecified","SPock inspection solution","Civilian application","Unknown","Inspection training and use","","Reported 27 Nov 2024","","","Dated observation","","C-SP-USE","https://www.spgroup.com.sg/about-us/media-resources/energy-hub/reliability/How-this-technical-officer-and-robot-SPock-hunt-hazards-to-protect-Singapore-power-tunnels","Customer account does not name the OEM or integrator."
"R-DEEP-PHASE2","deep","Hangzhou Yunshenchu Technology Co., Ltd.","SP Group","SPock inspection solution","Civilian application","Issuer reports first-batch delivery","Phase-two performance unverified","2025","2025; exact day unknown","","","Dated observation","","C-DEEP-FOLLOWON","https://dataclouds.cninfo.com.cn/sjother2/documents/2026/2026-05-18/3ef52e260c1cc31a8c57ab5e0abf2c14.pdf","First batch does not mean the full phase was completed."
"R-UNITREE-MARKET","unitree","Unitree Robotics","Unknown / unspecified","Unitree Go2","Commercial capability; customer unknown","Offered; no purchase observed","Commercial product listing","","Page observed 4 Sep 2026","","","Observed at review","","C-GO2","https://www.unitree.com/go2/","Buyer and end use are not established."
"R-UNITREE-SDK","unitree","Unitree Robotics","Unknown / unspecified","Unitree SDK2 | Unitree Go2","Commercial capability; customer unknown","Not applicable","SDK available","","Resource observed 4 Sep 2026","","","Observed at review","","C-UNITREE-SDK","https://github.com/unitreerobotics","No military integration relationship is documented."
"R-EXERCISE","unitree","Chinese participants at Golden Dragon 2024","Unknown / unspecified","Unidentified Golden Dragon quadrupeds","Military use; supplier unknown","Unknown","Exercise appearance","2024-05","May 2024; exact observation day unknown","","","Dated observation","","C-CCTV","https://military.cctv.com/2024/05/27/ARTIMW8UKPoPPY8VrtLwVd5P240527.shtml","No manufacturer or seller is identified; no edge to Unitree is asserted."
"R-JINGPIN-ROBOTS","jingpin","Beijing Jingpin Special Equipment","Unknown / unspecified","Jingpin military-robot portfolio","Defense products; buyer unidentified","Aggregate revenue recognized","Portfolio; model stages differ","2024","FY2024","","","Dated observation","","C-JINGPIN-ROBOTS | C-JINGPIN-REVENUE","https://static.cninfo.com.cn/finalpage/2025-04-29/1223380866.PDF","Named model deliveries and end users remain unknown."
"R-JINGPIN-MODULES","jingpin","Beijing Jingpin Special Equipment","Unknown / unspecified","Jingpin upstream robot products","Defense-related development","External sales not established","Research and development","2024","FY2024 report","","","Dated observation","","C-JINGPIN-MODULES","https://static.cninfo.com.cn/finalpage/2025-04-29/1223380866.PDF","Complete-robot maturity cannot be transferred to this product family."
"R-JINGPIN-CIVIL","jingpin","Beijing Jingpin Special Equipment","Unknown / unspecified","Jingpin civilian manufacturing applications","Military-to-civilian claim","Management reports emerging business","Transfer not independently validated","2024","FY2024 report","","","Dated observation","","C-JINGPIN-CIVIL","https://static.cninfo.com.cn/finalpage/2025-04-29/1223380866.PDF","Customer acceptance and technical lineage not independently established."
"R-XIRUI-SMALL","xirui","Guangdong Xirui Intelligent Technology","Shanghai Waigaoqiao Shipbuilding","Small-parts grinding workstation","Shipyard production; naval use unknown","Awarded","Acceptance and installation unknown","","Final notice published 25 Aug 2025; award-decision date not separately established","","","Dated observation","7920000","C-XIRUI-SMALL","https://www.csscbidding.com/jyxx/003001/003001004/20250825/5a186f89-8939-4634-9bdc-bb09d21cbcbb.html","Awarded value; not recognized revenue or installed capacity."
"R-XIRUI-TINY","xirui","Guangdong Xirui Intelligent Technology","Shanghai Waigaoqiao Shipbuilding","Very-small-parts grinding workstation","Shipyard production; naval use unknown","Awarded","Acceptance and installation unknown","","Final notice published 25 Aug 2025; award-decision date not separately established","","","Dated observation","2450000","C-XIRUI-TINY","https://csscbidding.com/jyxx/003001/003001004/20250825/fc564718-4800-43a3-b82a-02c5058139fe.html","Does not identify any naval vessel or program."
"R-ESTUN-CONTROL","estun","Nanjing Dingkong","Yangzhou Shuguang","Yangzhou Shuguang servo systems","Historical defense ownership","Equity transfer completed","Product performance not assessed","2017-12-12","12 Dec 2017 to 25 Jun 2025","2017-12-12","2025-06-25","Historical","","C-ESTUN-CLOSE | C-ESTUN-CONTROL","https://epaper.stcn.com/paper/zqsb/html/2017-12/14/content_1077215.htm | https://www.hkexnews.hk/listedco/listconews/sehk/2026/0227/12031239/2026022700113_c.pdf","A historical ownership relationship, not an Estun-branded robot supply contract."
"R-ESTUN-ASSOCIATE","estun","Estun","Yangzhou Shuguang","Yangzhou Shuguang servo systems","Historical defense ownership","20-point disposal completed","Not assessed","2025-06-25","25 Jun to 3 Nov 2025","2025-06-25","2025-11-03","Historical","","C-ESTUN-CONTROL | C-ESTUN-EXIT","https://www.hkexnews.hk/listedco/listconews/sehk/2026/0227/12031239/2026022700113_c.pdf","Control ended in June; the remaining equity holding ended in November."
"R-ESTUN-EXIT","estun","Estun","Wuxi Xinhongye Wire & Cable Technology","Yangzhou Shuguang servo systems","Ownership exit","Disposal completed","Not assessed","2025-11-03","3 Nov 2025; agreed 20 Oct 2025","","","Completed event","","C-ESTUN-EXIT","https://www.hkexnews.hk/listedco/listconews/sehk/2026/0227/12031239/2026022700113_c.pdf","Ends the disclosed holding; a separate agreement envisages future cooperation. Implementation and actual post-sale supply remain unverified."
"R-SIASUN-COOP","siasun","Siasun","AVIC Shenyang Civil Aircraft","Civil-aircraft metal-printing research","Civilian application","Cooperation reported","Proposed manufacturing research","","Reported 30 Jun 2015; agreement date unknown","","","Dated observation","","C-SIASUN-COOP | C-SIASUN-PLAN","https://www.siasun.com/news-detail650.html","Civil C919-related research; neither military procurement nor completed deployment is established."
"R-JINGPIN-MODULES-2026","jingpin","Beijing Jingpin Special Equipment","Unknown / unspecified","Jingpin upstream robot products","Cross-application component development","External sales not established","Internally used; adaptation required","2026-06-30","H1 2026 reporting date","","","Dated observation","","C-JINGPIN-MODULES-2026","https://static.cninfo.com.cn/finalpage/2026-08-25/1225497124.PDF","Do not transfer complete-robot maturity to externally sold components."
"R-JINGPIN-WMS","jingpin","Beijing Jingpin Special Equipment","Unknown / unspecified","Jingpin warehouse software project LTKY-202501","Civilian coordination-software development","Customer acceptance not established","Software testing and updates reported","2026-06-30","H1 2026; follows FY2025 R&D record","","","Dated observation","","C-JINGPIN-WMS-2025 | C-JINGPIN-WMS-2026","https://static.cninfo.com.cn/finalpage/2026-04-28/1225210584.PDF | https://static.cninfo.com.cn/finalpage/2026-08-25/1225497124.PDF","A tender win is an intended objective; a separate unnamed scheduler simulation is not identified as this project. Military software lineage is unestablished."
"R-JINGPIN-LIAODUN","jingpin","Beijing Jingpin Special Equipment","Shanghai Liaodun Intelligent Technology","Jingpin civilian manufacturing applications","Civilian business within defense-related group","Subsidiary revenue reported","Product-level acceptance not established","2026-06-30","Ownership and H1 revenue observed at 30 Jun 2026","","","Observed through 30 June 2026","","C-JINGPIN-LIAODUN","https://static.cninfo.com.cn/finalpage/2026-08-25/1225497124.PDF","Ownership and aggregate revenue do not identify LTKY-202501 sales or technical transfer."
"R-XINHONGYE-CONTROL","estun","Wuxi Xinhongye Wire & Cable Technology","Yangzhou Shuguang","Yangzhou Shuguang servo systems","Ownership of defense-related servo business","Acquisition completed","Functional portfolio; performance not assessed","2025-11-04","Buyer accounting control: 4 Nov 2025; observed at 30 Jun 2026","2025-11-04","","Observed through 30 June 2026","","C-XINHONGYE-CONTROL | C-XINHONGYE-2026","https://static.cninfo.com.cn/finalpage/2026-04-17/1225109422.PDF | https://file.finance.sina.com.cn/211.154.219.97:9494/MRGG/CNSESZ_STOCK/2026/2026-8/2026-08-20/12504852.PDF","Seller records disposal on 3 November; buyer accounting control is a distinct date. Null end is not perpetual currentness."
"R-ESTUN-COOPERATION","estun","Estun","Wuxi Xinhongye Wire & Cable Technology","","Prospective industrial robotics / embodied intelligence cooperation","Signed intent; separate detailed agreement required","Implementation unverified","2025-10-20","Agreement signed 20 Oct 2025","","","Prospective terms; implementation unverified","","C-ESTUN-COOPERATION","https://static.cninfo.com.cn/finalpage/2025-10-20/1224720253.PDF","Includes Shuguang; not evidence of an implemented supply contract, shared software or continued ownership."
"R-XINHONGYE-SHUGUANG-SOFTWARE","estun","Wuxi Xinhongye Wire & Cable Technology","Yangzhou Shuguang Software Technology","","Organizational ownership; software function unknown","Ownership reported","Autonomy functionality unestablished","2026-06-30","Ownership observed at 30 Jun 2026","","","Observed through 30 June 2026","","C-SHUGUANG-SOFTWARE","https://file.finance.sina.com.cn/211.154.219.97:9494/MRGG/CNSESZ_STOCK/2026/2026-8/2026-08-20/12504852.PDF","No product or autonomy node is inferred from a software legal-entity classification."
"R-XINHONGYE-HUANYU-SOFTWARE","estun","Wuxi Xinhongye Wire & Cable Technology","Yangzhou Huanyu Software Technology","","Organizational ownership; software function unknown","Ownership reported","Autonomy functionality unestablished","2026-06-30","Ownership observed at 30 Jun 2026","","","Observed through 30 June 2026","","C-SHUGUANG-SOFTWARE","https://file.finance.sina.com.cn/211.154.219.97:9494/MRGG/CNSESZ_STOCK/2026/2026-8/2026-08-20/12504852.PDF","No product or autonomy node is inferred from a software legal-entity classification."
